id,name,model_id:id,group_id:id,perm_read,perm_write,perm_create,perm_unlink
access_eh_account_report_execution_user,eh.account.report.execution.user,model_eh_account_report_execution,,1,1,1,0
access_eh_account_report_execution_manager,eh.account.report.execution.manager,model_eh_account_report_execution,,1,1,1,0
access_eh_account_dynamic_report_user,eh.account.dynamic.report.user,model_eh_account_dynamic_report,,1,0,0,0
access_eh_account_dynamic_report_manager,eh.account.dynamic.report.manager,model_eh_account_dynamic_report,,1,1,1,1
access_eh_account_report_wizard_user,eh.account.report.wizard.user,model_eh_account_report_wizard,,1,1,1,1
access_eh_account_report_saved_view_user,eh.account.report.saved_view.user,model_eh_account_report_saved_view,,1,1,1,1
access_eh_account_report_execution_auditor,eh.account.report.execution.auditor,model_eh_account_report_execution,,1,0,0,0
access_eh_account_dynamic_report_auditor,eh.account.dynamic.report.auditor,model_eh_account_dynamic_report,,1,0,0,0
access_eh_account_report_saved_view_auditor,eh.account.report.saved_view.auditor,model_eh_account_report_saved_view,,1,0,0,0
